representation,model_key,seed,split_name,pred_entry_up_3,pred_entry_dn_3,pred_entry_log_ratio_3,pred_entry_up_6,pred_entry_dn_6,pred_entry_log_ratio_6,pred_entry_up_12,pred_entry_dn_12,pred_entry_log_ratio_12,pred_entry_up_24,pred_entry_dn_24,pred_entry_log_ratio_24,time
all100_sequence,transformer_small,42,val_eval,0.8865746855735779,0.8607443571090698,0.03086954727768898,1.3715243339538574,1.3153835535049438,0.0390271432697773,2.288231372833252,2.105388879776001,0.06646733731031418,3.80765438079834,3.643616199493408,0.06776244938373566,2023.07.17 02:00
all100_sequence,transformer_small,42,val_eval,0.9803449511528015,0.954867422580719,0.029097892343997955,1.525437831878662,1.473359227180481,0.03593406826257706,2.541323661804199,2.3709590435028076,0.06110541522502899,4.119784355163574,3.963350534439087,0.06298096477985382,2023.07.17 04:00
all100_sequence,transformer_small,42,val_eval,1.0495760440826416,1.0233784914016724,0.0278338436037302,1.6446878910064697,1.5987317562103271,0.032104287296533585,2.7431893348693848,2.596679925918579,0.0540517158806324,4.3190388679504395,4.187720775604248,0.05635283887386322,2023.07.17 06:00
all100_sequence,transformer_small,42,val_eval,1.1803584098815918,1.1573765277862549,0.02385346032679081,1.8458917140960693,1.8031322956085205,0.026502445340156555,2.9857327938079834,2.8377723693847656,0.04729732871055603,4.669800758361816,4.547473907470703,0.0485977828502655,2023.07.17 08:00
all100_sequence,transformer_small,42,val_eval,1.416998028755188,1.3831756114959717,0.026364928111433983,2.082237720489502,2.030050277709961,0.025430133566260338,3.127065896987915,2.9876036643981934,0.042454808950424194,4.852410793304443,4.751819610595703,0.04477553442120552,2023.07.17 10:00
all100_sequence,transformer_small,42,val_eval,2.0227932929992676,1.8746299743652344,0.04949053376913071,2.4993927478790283,2.2775588035583496,0.04544133320450783,3.099949836730957,2.8568475246429443,0.05546240136027336,4.836848258972168,4.574439525604248,0.06523191928863525,2023.07.17 13:00
all100_sequence,transformer_small,42,val_eval,1.8492270708084106,1.7165274620056152,0.04801221936941147,2.2905375957489014,2.08661150932312,0.046879272907972336,2.878558397293091,2.6365575790405273,0.0599745474755764,4.613548278808594,4.356753349304199,0.06825430691242218,2023.07.17 15:00
all100_sequence,transformer_small,42,val_eval,1.601128101348877,1.503612756729126,0.04234698414802551,2.0547070503234863,1.900640845298767,0.043423451483249664,2.7154197692871094,2.498884916305542,0.05997370928525925,4.425034046173096,4.212362289428711,0.06569746881723404,2023.07.17 16:00
all100_sequence,transformer_medium,42,val_eval,1.4713491201400757,1.3426001071929932,0.0711650624871254,2.2563722133636475,1.933345913887024,0.133074551820755,4.194333076477051,3.131408929824829,0.25928735733032227,7.1258931159973145,4.994968414306641,0.35998624563217163,2023.07.17 02:00
all100_sequence,transformer_medium,42,val_eval,1.5283708572387695,1.4099555015563965,0.06621144711971283,2.4001576900482178,2.062534809112549,0.12324357777833939,4.484869003295898,3.4739060401916504,0.22964060306549072,7.101745128631592,5.2309722900390625,0.3139190673828125,2023.07.17 04:00
all100_sequence,transformer_medium,42,val_eval,1.711661458015442,1.5521398782730103,0.07479902356863022,2.8210721015930176,2.34590482711792,0.1364736706018448,5.135038375854492,3.9608263969421387,0.23043060302734375,7.29386043548584,5.451384544372559,0.3012160658836365,2023.07.17 06:00
all100_sequence,transformer_medium,42,val_eval,2.154582977294922,1.614193081855774,0.19300200045108795,4.163723945617676,2.4324660301208496,0.3830123543739319,7.513578414916992,3.6264920234680176,0.6257562637329102,9.766023635864258,4.447480201721191,0.751190185546875,2023.07.17 08:00
all100_sequence,transformer_medium,42,val_eval,3.488651752471924,1.5258216857910156,0.497075617313385,6.199286937713623,2.1339123249053955,0.801719605922699,9.410877227783203,2.5303783416748047,1.1302374601364136,12.322755813598633,2.8723440170288086,1.3375223875045776,2023.07.17 10:00
all100_sequence,transformer_medium,42,val_eval,4.0235209465026855,1.8503532409667969,0.5023452639579773,5.556433200836182,2.235283851623535,0.6731184124946594,7.059438228607178,2.6703617572784424,0.8658298850059509,10.664230346679688,3.4378905296325684,1.1004101037979126,2023.07.17 13:00
all100_sequence,transformer_medium,42,val_eval,2.5761566162109375,1.693910837173462,0.25216343998908997,3.4010705947875977,2.12772798538208,0.35821375250816345,5.096936225891113,2.800732135772705,0.5540944933891296,9.351880073547363,4.541948318481445,0.7581855654716492,2023.07.17 15:00
all100_sequence,transformer_medium,42,val_eval,2.13382625579834,1.465389609336853,0.2048475444316864,3.0298011302948,1.9840002059936523,0.3153955340385437,5.02202844619751,2.7454159259796143,0.5302304029464722,9.38005542755127,4.618168354034424,0.7301341891288757,2023.07.17 16:00
all100_sequence,sequence_flat_hist_gradient_boosting,42,val_eval,2.1284897327423096,1.4812805652618408,0.03347855061292648,2.964937210083008,2.818732261657715,-0.08632844686508179,4.264706611633301,5.702996253967285,0.008674059994518757,4.849494457244873,7.675758361816406,0.01653233729302883,2023.07.17 02:00
all100_sequence,sequence_flat_hist_gradient_boosting,42,val_eval,1.9077421426773071,1.4050801992416382,0.012849468737840652,3.261157512664795,2.762096405029297,-0.04745909199118614,4.722341537475586,6.360769271850586,-0.09882276505231857,4.784277439117432,7.5687031745910645,-0.16295911371707916,2023.07.17 04:00
all100_sequence,sequence_flat_hist_gradient_boosting,42,val_eval,2.2631287574768066,1.9405570030212402,0.0368022695183754,2.950124740600586,3.2030320167541504,-0.003692972008138895,4.722202777862549,6.976889610290527,0.02306457981467247,4.778135299682617,7.952884674072266,0.13273218274116516,2023.07.17 06:00
all100_sequence,sequence_flat_hist_gradient_boosting,42,val_eval,2.2635061740875244,2.1438076496124268,-0.004510154016315937,3.803797721862793,4.119196891784668,-0.08959923684597015,4.854855537414551,7.0533857345581055,-0.07910742610692978,4.171357154846191,6.697997570037842,-0.07516995072364807,2023.07.17 08:00
all100_sequence,sequence_flat_hist_gradient_boosting,42,val_eval,2.7248921394348145,2.4884119033813477,0.018781883642077446,3.6625771522521973,4.832113265991211,-0.033138662576675415,5.161839962005615,6.654511451721191,-0.16848330199718475,4.8621506690979,7.052462100982666,0.1458592563867569,2023.07.17 10:00
all100_sequence,sequence_flat_hist_gradient_boosting,42,val_eval,3.0653223991394043,3.194441795349121,0.09447069466114044,3.850151538848877,5.351683139801025,-0.08433325588703156,4.366737365722656,7.084609031677246,-0.13784214854240417,4.996742248535156,7.015525817871094,-0.08180004358291626,2023.07.17 13:00
all100_sequence,sequence_flat_hist_gradient_boosting,42,val_eval,3.275214672088623,3.3915064334869385,0.021828090772032738,3.6422202587127686,4.776102066040039,-0.11073917150497437,4.601655960083008,6.410917282104492,-0.19596654176712036,4.918386936187744,6.560975074768066,0.1487828940153122,2023.07.17 15:00
all100_sequence,sequence_flat_hist_gradient_boosting,42,val_eval,3.5579988956451416,3.746443271636963,-0.04257708042860031,3.622260570526123,3.7575392723083496,-0.15994209051132202,3.472853899002075,4.598965644836426,-0.1669202297925949,5.144545555114746,6.197018623352051,0.19029740989208221,2023.07.17 16:00
nearest_k80_sequence,transformer_small,42,val_eval,1.6865746974945068,1.64276123046875,0.0308376494795084,2.558791160583496,2.4721415042877197,0.03575286641716957,4.48346471786499,4.355033874511719,0.03442978486418724,7.084232330322266,6.951413154602051,0.03141063451766968,2023.07.17 02:00
nearest_k80_sequence,transformer_small,42,val_eval,1.7827056646347046,1.7424925565719604,0.03317499905824661,2.744483470916748,2.655338764190674,0.04090883582830429,4.9796600341796875,4.8499755859375,0.03723911568522453,7.667640209197998,7.3991594314575195,0.04415411129593849,2023.07.17 04:00
nearest_k80_sequence,transformer_small,42,val_eval,1.8454437255859375,1.8760743141174316,0.017804816365242004,2.9700236320495605,3.034005641937256,0.016821304336190224,5.3832292556762695,5.52197790145874,0.005983786657452583,7.816740036010742,7.677250862121582,0.021531105041503906,2023.07.17 06:00
nearest_k80_sequence,transformer_small,42,val_eval,2.0537338256835938,2.1567978858947754,0.0009091657120734453,3.442595958709717,3.629298210144043,-0.0018090612720698118,5.90099573135376,6.134970664978027,-0.004486856982111931,8.073370933532715,7.923347473144531,0.016537345945835114,2023.07.17 08:00
nearest_k80_sequence,transformer_small,42,val_eval,2.212292194366455,2.3994553089141846,-0.02404901385307312,3.7006266117095947,4.0605034828186035,-0.0380404107272625,5.653164863586426,6.091078281402588,-0.03819898143410683,7.534321308135986,7.781575679779053,-0.029861297458410263,2023.07.17 10:00
nearest_k80_sequence,transformer_small,42,val_eval,3.3658528327941895,3.2749385833740234,0.03821028769016266,4.613954544067383,4.358088970184326,0.05587037652730942,5.764693260192871,5.268245697021484,0.0790180191397667,8.436344146728516,7.867330074310303,0.0887187123298645,2023.07.17 13:00
nearest_k80_sequence,transformer_small,42,val_eval,3.1490728855133057,3.0188045501708984,0.04494982585310936,4.096500396728516,3.802030086517334,0.06055963784456253,5.1704277992248535,4.712217330932617,0.07802455127239227,8.212709426879883,7.703575134277344,0.08365694433450699,2023.07.17 15:00
nearest_k80_sequence,transformer_small,42,val_eval,2.5013906955718994,2.3874006271362305,0.036429744213819504,3.3071486949920654,3.103053092956543,0.04423309490084648,4.429187774658203,4.15529203414917,0.05797175318002701,7.203700542449951,6.896081447601318,0.05805236101150513,2023.07.17 16:00
nearest_k80_sequence,transformer_medium,42,val_eval,1.3446059226989746,1.8493201732635498,-0.18887875974178314,1.924351453781128,3.0856549739837646,-0.30756133794784546,2.7691407203674316,5.735241889953613,-0.5781190395355225,3.6881344318389893,9.193094253540039,-0.8162279725074768,2023.07.17 02:00
nearest_k80_sequence,transformer_medium,42,val_eval,1.4796971082687378,1.799399971961975,-0.13662117719650269,2.1253209114074707,3.0236127376556396,-0.24162903428077698,3.1216390132904053,5.738509178161621,-0.4898563325405121,4.23703670501709,8.790216445922852,-0.6733675003051758,2023.07.17 04:00
nearest_k80_sequence,transformer_medium,42,val_eval,1.403083086013794,2.193558931350708,-0.27612635493278503,1.9941375255584717,4.241620063781738,-0.5008725523948669,2.642958164215088,8.543258666992188,-0.9336416125297546,2.972001552581787,11.88715934753418,-1.1725484132766724,2023.07.17 06:00
nearest_k80_sequence,transformer_medium,42,val_eval,1.705926775932312,2.1546692848205566,-0.16162140667438507,2.4666802883148193,3.8549656867980957,-0.30810198187828064,3.5056874752044678,6.7744340896606445,-0.5399661064147949,4.533580780029297,8.912422180175781,-0.6406033039093018,2023.07.17 08:00
nearest_k80_sequence,transformer_medium,42,val_eval,1.7015377283096313,2.886467456817627,-0.32071611285209656,2.473802089691162,5.176011085510254,-0.5275214314460754,3.1903858184814453,7.433631420135498,-0.6972501873970032,3.923328399658203,9.419305801391602,-0.7940372228622437,2023.07.17 10:00
nearest_k80_sequence,transformer_medium,42,val_eval,2.6014981269836426,3.3274965286254883,-0.16624994575977325,3.27793288230896,4.420694351196289,-0.2175925076007843,3.928253412246704,5.214781284332275,-0.21783055365085602,5.833620071411133,7.248100757598877,-0.22765766084194183,2023.07.17 13:00
nearest_k80_sequence,transformer_medium,42,val_eval,2.252002239227295,2.6484262943267822,-0.08500809222459793,2.8822436332702637,3.2473442554473877,-0.08091551065444946,3.862779140472412,4.274587154388428,-0.08897429704666138,6.228614330291748,7.200741767883301,-0.14971716701984406,2023.07.17 15:00
nearest_k80_sequence,transformer_medium,42,val_eval,1.6401211023330688,1.9408009052276611,-0.0780976191163063,2.332319736480713,2.5945537090301514,-0.07281183451414108,3.4125068187713623,3.8823750019073486,-0.12056407332420349,5.720043659210205,7.4190778732299805,-0.23538418114185333,2023.07.17 16:00
nearest_k80_sequence,sequence_flat_hist_gradient_boosting,42,val_eval,1.62349271774292,1.5973807573318481,0.001353970030322671,3.361222267150879,2.6556591987609863,0.0411590039730072,4.186090469360352,3.9299983978271484,-0.0477110855281353,7.348191261291504,7.6296796798706055,0.22412653267383575,2023.07.17 02:00
nearest_k80_sequence,sequence_flat_hist_gradient_boosting,42,val_eval,2.1482677459716797,1.847527027130127,-0.02692239359021187,3.2422659397125244,3.27557373046875,0.0271205622702837,4.926995277404785,6.009430885314941,-0.2533053159713745,7.5914764404296875,10.999597549438477,-0.010503929108381271,2023.07.17 04:00
nearest_k80_sequence,sequence_flat_hist_gradient_boosting,42,val_eval,1.6757060289382935,1.7946159839630127,0.004955848678946495,3.0388176441192627,3.0349950790405273,-0.005964009091258049,4.661500930786133,5.116627216339111,-0.02603689581155777,7.555739402770996,7.4687581062316895,0.1659933179616928,2023.07.17 06:00
nearest_k80_sequence,sequence_flat_hist_gradient_boosting,42,val_eval,3.6388816833496094,3.18428373336792,-0.1610649675130844,3.782933235168457,4.5520734786987305,0.03944133594632149,4.901079177856445,6.076929092407227,-0.22697599232196808,7.080071449279785,10.790822982788086,-0.056028544902801514,2023.07.17 08:00
nearest_k80_sequence,sequence_flat_hist_gradient_boosting,42,val_eval,2.4027013778686523,2.530694007873535,-0.09719134867191315,4.153331756591797,4.318081855773926,-0.06304502487182617,4.338568687438965,4.70969295501709,-0.05670957639813423,6.5191826820373535,9.058170318603516,0.2929266095161438,2023.07.17 10:00
nearest_k80_sequence,sequence_flat_hist_gradient_boosting,42,val_eval,3.066330671310425,3.5282764434814453,-0.07096841931343079,4.284513473510742,5.096938610076904,0.11953640729188919,4.153584957122803,6.250081539154053,0.04835577309131622,7.341616630554199,8.482177734375,-0.35289573669433594,2023.07.17 13:00
nearest_k80_sequence,sequence_flat_hist_gradient_boosting,42,val_eval,3.1205291748046875,3.570518732070923,-0.11214487254619598,3.9033923149108887,4.596536636352539,-0.07229889929294586,4.022313594818115,6.065066337585449,-0.061040278524160385,7.507097244262695,8.505053520202637,-0.2846064567565918,2023.07.17 15:00
nearest_k80_sequence,sequence_flat_hist_gradient_boosting,42,val_eval,2.8985683917999268,2.9505248069763184,-0.018123768270015717,4.063704013824463,3.6166512966156006,-0.05140025168657303,5.4275898933410645,3.8303117752075195,-0.05748977139592171,8.228897094726562,8.705554008483887,0.18736498057842255,2023.07.17 16:00
nearest_k60_sequence,transformer_small,42,val_eval,1.5751324892044067,1.5859078168869019,0.012798215262591839,2.384294033050537,2.4208920001983643,0.007349087856709957,4.244290828704834,4.724897861480713,-0.0380689837038517,6.669040203094482,7.811828136444092,-0.07401132583618164,2023.07.17 02:00
nearest_k60_sequence,transformer_small,42,val_eval,1.688822627067566,1.6577534675598145,0.023418018594384193,2.5742297172546387,2.5800740718841553,0.01790335401892662,4.710328578948975,4.93971586227417,-0.006712161935865879,7.197339057922363,7.246879577636719,-0.0009240470826625824,2023.07.17 04:00
nearest_k60_sequence,transformer_small,42,val_eval,1.677229404449463,1.7020283937454224,0.0065923575311899185,2.61501145362854,2.8258306980133057,-0.01930827461183071,4.904281139373779,5.683660984039307,-0.0737871527671814,7.110635757446289,7.77196741104126,-0.06951922923326492,2023.07.17 06:00
nearest_k60_sequence,transformer_small,42,val_eval,1.9920556545257568,2.0991599559783936,-0.008375698700547218,3.2862393856048584,3.5621626377105713,-0.02694043517112732,5.560768127441406,6.050408840179443,-0.042952362447977066,7.659989356994629,7.909869194030762,-0.030585356056690216,2023.07.17 08:00
nearest_k60_sequence,transformer_small,42,val_eval,2.046839714050293,2.2977538108825684,-0.04635053128004074,3.3879599571228027,3.9441475868225098,-0.0797358900308609,5.224982738494873,6.044517993927002,-0.09517315775156021,7.10245943069458,7.911167144775391,-0.09408563375473022,2023.07.17 10:00
nearest_k60_sequence,transformer_small,42,val_eval,2.9715805053710938,2.9181160926818848,0.029907753691077232,4.099980354309082,3.8799026012420654,0.045116111636161804,5.206892490386963,4.831646919250488,0.06002425402402878,7.600515842437744,7.1682233810424805,0.06413254141807556,2023.07.17 13:00
nearest_k60_sequence,transformer_small,42,val_eval,2.7842516899108887,2.717716693878174,0.030974259600043297,3.6060633659362793,3.361531972885132,0.046628765761852264,4.611959457397461,4.271697998046875,0.05425458773970604,7.526449203491211,7.199970245361328,0.050006117671728134,2023.07.17 15:00
nearest_k60_sequence,transformer_small,42,val_eval,2.4833850860595703,2.4804768562316895,0.016456974670290947,3.2451906204223633,3.120345115661621,0.02883685566484928,4.452326774597168,4.206715106964111,0.03941051661968231,7.588030815124512,7.418224334716797,0.029685186222195625,2023.07.17 16:00
nearest_k60_sequence,transformer_medium,42,val_eval,1.7565377950668335,1.2890981435775757,0.20919975638389587,3.0759036540985107,1.8203377723693848,0.38872525095939636,7.507170677185059,2.677365779876709,0.8105236887931824,13.16598129272461,3.629063606262207,1.117179274559021,2023.07.17 02:00
nearest_k60_sequence,transformer_medium,42,val_eval,2.106269598007202,1.6620324850082397,0.15751828253269196,3.4637093544006348,2.3933703899383545,0.27948230504989624,6.207345008850098,3.5275890827178955,0.49937713146209717,9.716653823852539,4.895648002624512,0.6635617613792419,2023.07.17 04:00
nearest_k60_sequence,transformer_medium,42,val_eval,2.6950647830963135,1.6021300554275513,0.3583098351955414,5.544125556945801,2.219752311706543,0.6942474246025085,11.346944808959961,3.039580821990967,1.192598819732666,15.991272926330566,3.3935489654541016,1.4512643814086914,2023.07.17 06:00
nearest_k60_sequence,transformer_medium,42,val_eval,2.9470407962799072,2.3386452198028564,0.16764238476753235,5.1185197830200195,3.521348476409912,0.3033933937549591,7.388585090637207,4.592430591583252,0.4307614266872406,9.339637756347656,5.553130149841309,0.5176973342895508,2023.07.17 08:00
nearest_k60_sequence,transformer_medium,42,val_eval,3.5962820053100586,2.381977081298828,0.3103943169116974,6.2290730476379395,3.350731134414673,0.5200982689857483,8.463713645935059,4.046291351318359,0.6689651608467102,10.221325874328613,4.702718257904053,0.7609169483184814,2023.07.17 10:00
nearest_k60_sequence,transformer_medium,42,val_eval,5.45122766494751,3.347350597381592,0.4412480592727661,7.472236633300781,3.835869312286377,0.5986704230308533,8.322040557861328,4.083921432495117,0.6469883322715759,11.361082077026367,5.5494256019592285,0.7359227538108826,2023.07.17 13:00
nearest_k60_sequence,transformer_medium,42,val_eval,3.88718843460083,2.9066662788391113,0.23294885456562042,5.301041603088379,3.5048270225524902,0.3309648931026459,6.9394731521606445,4.299927711486816,0.42528775334358215,11.319364547729492,6.236956596374512,0.5552330613136292,2023.07.17 15:00
nearest_k60_sequence,transformer_medium,42,val_eval,3.0958995819091797,3.413228988647461,-0.03904290497303009,3.608008861541748,3.6167612075805664,0.0018631821731105447,4.291910171508789,4.101109504699707,0.02900642529129982,8.21103572845459,9.070141792297363,-0.05632854253053665,2023.07.17 16:00
nearest_k60_sequence,sequence_flat_hist_gradient_boosting,42,val_eval,1.5178395509719849,1.4205889701843262,-0.0190585907548666,1.9823331832885742,2.3289945125579834,-0.0763016790151596,4.244883060455322,4.65826940536499,-0.12728573381900787,6.4337663650512695,8.583810806274414,0.22371511161327362,2023.07.17 02:00
nearest_k60_sequence,sequence_flat_hist_gradient_boosting,42,val_eval,1.5691046714782715,1.3056466579437256,0.02183821238577366,2.642723560333252,1.9232927560806274,0.13284404575824738,5.1612443923950195,4.615488052368164,0.027044855058193207,7.457517623901367,6.7398481369018555,0.21007376909255981,2023.07.17 04:00
nearest_k60_sequence,sequence_flat_hist_gradient_boosting,42,val_eval,1.5502111911773682,1.418063998222351,-0.02436579391360283,2.5511975288391113,2.9040346145629883,-0.14319342374801636,5.139331817626953,5.865777015686035,-0.1265188604593277,6.335219383239746,8.838472366333008,0.07413050532341003,2023.07.17 06:00
nearest_k60_sequence,sequence_flat_hist_gradient_boosting,42,val_eval,2.127171039581299,2.3893163204193115,0.008595770224928856,3.255018949508667,3.3816280364990234,0.09734765440225601,5.056906700134277,5.075240612030029,0.025174271315336227,6.9470601081848145,6.4318037033081055,0.318212628364563,2023.07.17 08:00
nearest_k60_sequence,sequence_flat_hist_gradient_boosting,42,val_eval,2.4046430587768555,2.614231586456299,-0.0115726999938488,4.27697229385376,4.518070220947266,-0.050049759447574615,4.100498199462891,5.7909088134765625,-0.020275115966796875,7.3963446617126465,7.781584739685059,-0.19163236021995544,2023.07.17 10:00
nearest_k60_sequence,sequence_flat_hist_gradient_boosting,42,val_eval,3.6395554542541504,3.4847538471221924,0.022452713921666145,4.0405120849609375,3.7473416328430176,0.11940036714076996,4.792935371398926,4.9169230461120605,0.2563836872577667,8.000765800476074,6.322220802307129,0.3739723563194275,2023.07.17 13:00
nearest_k60_sequence,sequence_flat_hist_gradient_boosting,42,val_eval,3.1846742630004883,3.181076765060425,-0.024749038740992546,3.73091459274292,3.6071600914001465,0.08259603381156921,4.286981582641602,4.587792873382568,0.17886094748973846,7.611979961395264,7.333489418029785,0.28421157598495483,2023.07.17 15:00
nearest_k60_sequence,sequence_flat_hist_gradient_boosting,42,val_eval,3.2545058727264404,2.830958843231201,0.11848177015781403,3.2921955585479736,3.3995184898376465,0.05655871704220772,4.451408386230469,4.086605072021484,0.28524988889694214,8.201648712158203,7.122321128845215,0.2301265001296997,2023.07.17 16:00
