original_rank;rule_id;profile_id;model_id;target_id;filter_id;n_trades;gross_profit;gross_loss;pf;mean_pnl_r;median_pnl_r;max_drawdown_r;win_rate;ambiguous_same_bar_rate;exit_reason_counts
1;rank01_time_only_linear_target_entry_ev_regression_top30;time_only;linear;target_entry_ev_regression;top30;660;298.25991072399506;74.06949529403207;4.026757702884287;0.33968244762115607;0.026524390243891603;3.390579268292761;0.5272727272727272;0.0;{'ML_CLOSE': 469, 'TIME': 178, 'SL': 13}
1;rank01_time_only_linear_target_entry_ev_regression_top30;time_only;linear;target_entry_ev_regression;top30;900;417.781979527948;111.65556838593699;3.741703038794146;0.3401404568244567;0.026524390243891603;4.9121701773837;0.5233333333333333;0.0;{'ML_CLOSE': 632, 'TIME': 241, 'SL': 27}
1;rank01_time_only_linear_target_entry_ev_regression_top30;time_only;linear;target_entry_ev_regression;top30;1109;505.91241570908767;141.6739698673871;3.570962373558413;0.32843863466339096;0.0166666666666514;6.174901822267316;0.5166816952209198;0.0;{'ML_CLOSE': 786, 'TIME': 287, 'SL': 36}
2;rank02_time_only_linear_target_entry_ev_regression_top40;time_only;linear;target_entry_ev_regression;top40;660;298.25991072399506;74.06949529403207;4.026757702884287;0.33968244762115607;0.026524390243891603;3.390579268292761;0.5272727272727272;0.0;{'ML_CLOSE': 469, 'TIME': 178, 'SL': 13}
2;rank02_time_only_linear_target_entry_ev_regression_top40;time_only;linear;target_entry_ev_regression;top40;900;417.781979527948;111.65556838593699;3.741703038794146;0.3401404568244567;0.026524390243891603;4.9121701773837;0.5233333333333333;0.0;{'ML_CLOSE': 632, 'TIME': 241, 'SL': 27}
2;rank02_time_only_linear_target_entry_ev_regression_top40;time_only;linear;target_entry_ev_regression;top40;1109;505.91241570908767;141.6739698673871;3.570962373558413;0.32843863466339096;0.0166666666666514;6.174901822267316;0.5166816952209198;0.0;{'ML_CLOSE': 786, 'TIME': 287, 'SL': 36}
3;rank03_time_only_linear_target_entry_ev_regression_top50;time_only;linear;target_entry_ev_regression;top50;660;298.25991072399506;74.06949529403207;4.026757702884287;0.33968244762115607;0.026524390243891603;3.390579268292761;0.5272727272727272;0.0;{'ML_CLOSE': 469, 'TIME': 178, 'SL': 13}
3;rank03_time_only_linear_target_entry_ev_regression_top50;time_only;linear;target_entry_ev_regression;top50;900;417.781979527948;111.65556838593699;3.741703038794146;0.3401404568244567;0.026524390243891603;4.9121701773837;0.5233333333333333;0.0;{'ML_CLOSE': 632, 'TIME': 241, 'SL': 27}
3;rank03_time_only_linear_target_entry_ev_regression_top50;time_only;linear;target_entry_ev_regression;top50;1109;505.91241570908767;141.6739698673871;3.570962373558413;0.32843863466339096;0.0166666666666514;6.174901822267316;0.5166816952209198;0.0;{'ML_CLOSE': 786, 'TIME': 287, 'SL': 36}
4;rank04_time_only_linear_target_entry_good_0_5r_top40;time_only;linear;target_entry_good_0_5r;top40;637;260.13857392848536;76.89809711965665;3.3829000153761783;0.2876616590405474;0.0166666666666514;4.762046102177422;0.5164835164835165;0.0;{'ML_CLOSE': 458, 'TIME': 164, 'SL': 15}
4;rank04_time_only_linear_target_entry_good_0_5r_top40;time_only;linear;target_entry_good_0_5r;top40;840;384.1056279918477;103.0351556056179;3.727908457401356;0.3346077052217021;0.02020253682485865;4.261773771464071;0.5166666666666667;0.0;{'ML_CLOSE': 601, 'TIME': 218, 'SL': 21}
4;rank04_time_only_linear_target_entry_good_0_5r_top40;time_only;linear;target_entry_good_0_5r;top40;1099;510.2031162587971;142.4095676321989;3.5826463400022277;0.3346620096693341;0.0224489795918396;5.734665727829565;0.5222929936305732;0.0;{'ML_CLOSE': 770, 'TIME': 292, 'SL': 37}
5;rank05_time_only_linear_target_entry_avoid_sl_top30;time_only;linear;target_entry_avoid_sl;top30;570;259.0921753577215;68.85262272144988;3.762996457025386;0.333753601116266;0.021440726035174648;3.5589674017136304;0.5245614035087719;0.0;{'ML_CLOSE': 400, 'TIME': 158, 'SL': 12}
5;rank05_time_only_linear_target_entry_avoid_sl_top30;time_only;linear;target_entry_avoid_sl;top30;785;338.4578127866687;101.6851929278954;3.3284867053029825;0.3016211717946157;0.0012195121951208;4.091705252337491;0.5006369426751592;0.0;{'ML_CLOSE': 561, 'TIME': 205, 'SL': 19}
5;rank05_time_only_linear_target_entry_avoid_sl_top30;time_only;linear;target_entry_avoid_sl;top30;1047;427.9984095432984;151.63584760021774;2.822541083238445;0.2639566016648335;-0.0031249999999971;5.492350251856976;0.49474689589302767;0.0;{'ML_CLOSE': 742, 'TIME': 269, 'SL': 36}
6;rank06_time_only_linear_target_entry_good_0_5r_top50;time_only;linear;target_entry_good_0_5r;top50;637;260.13857392848536;76.89809711965665;3.3829000153761783;0.2876616590405474;0.0166666666666514;4.762046102177422;0.5164835164835165;0.0;{'ML_CLOSE': 458, 'TIME': 164, 'SL': 15}
6;rank06_time_only_linear_target_entry_good_0_5r_top50;time_only;linear;target_entry_good_0_5r;top50;840;384.1056279918477;103.0351556056179;3.727908457401356;0.3346077052217021;0.02020253682485865;4.261773771464071;0.5166666666666667;0.0;{'ML_CLOSE': 601, 'TIME': 218, 'SL': 21}
6;rank06_time_only_linear_target_entry_good_0_5r_top50;time_only;linear;target_entry_good_0_5r;top50;1099;510.2031162587971;142.4095676321989;3.5826463400022277;0.3346620096693341;0.0224489795918396;5.734665727829565;0.5222929936305732;0.0;{'ML_CLOSE': 770, 'TIME': 292, 'SL': 37}
7;rank07_movement_plus_time_linear_target_entry_good_0_5r_top40;movement_plus_time;linear;target_entry_good_0_5r;top40;760;332.98754541898626;97.25654791816676;3.4238059292333447;0.3101723651326572;0.00456410256409835;5.557700864082179;0.5078947368421053;0.0;{'ML_CLOSE': 541, 'TIME': 197, 'SL': 22}
7;rank07_movement_plus_time_linear_target_entry_good_0_5r_top40;movement_plus_time;linear;target_entry_good_0_5r;top40;979;424.9048320752118;128.2877312719365;3.312123675915076;0.30297967395635883;0.0032608695652144;5.71660053148797;0.5035750766087844;0.0;{'ML_CLOSE': 698, 'TIME': 250, 'SL': 31}
7;rank07_movement_plus_time_linear_target_entry_good_0_5r_top40;movement_plus_time;linear;target_entry_good_0_5r;top40;1223;535.275421211596;163.8492646454398;3.2668771652402633;0.30370086391345574;0.0051282051282004;5.2031451287653425;0.5069501226492232;0.0;{'ML_CLOSE': 873, 'TIME': 311, 'SL': 39}
8;rank08_movement_plus_time_linear_target_entry_good_0_5r_top30;movement_plus_time;linear;target_entry_good_0_5r;top30;760;332.98754541898626;97.25654791816676;3.4238059292333447;0.3101723651326572;0.00456410256409835;5.557700864082179;0.5078947368421053;0.0;{'ML_CLOSE': 541, 'TIME': 197, 'SL': 22}
8;rank08_movement_plus_time_linear_target_entry_good_0_5r_top30;movement_plus_time;linear;target_entry_good_0_5r;top30;979;424.9048320752118;128.2877312719365;3.312123675915076;0.30297967395635883;0.0032608695652144;5.71660053148797;0.5035750766087844;0.0;{'ML_CLOSE': 698, 'TIME': 250, 'SL': 31}
8;rank08_movement_plus_time_linear_target_entry_good_0_5r_top30;movement_plus_time;linear;target_entry_good_0_5r;top30;1223;535.275421211596;163.8492646454398;3.2668771652402633;0.30370086391345574;0.0051282051282004;5.2031451287653425;0.5069501226492232;0.0;{'ML_CLOSE': 873, 'TIME': 311, 'SL': 39}
9;rank09_time_only_hist_gradient_boosting_target_entry_good_0_5r_top50;time_only;hist_gradient_boosting;target_entry_good_0_5r;top50;710;343.04261412276367;109.85777390232798;3.122606638905272;0.3284293524231489;-0.0034559106661608;5.470866618555334;0.4943661971830986;0.0;{'ML_CLOSE': 488, 'TIME': 190, 'SL': 32}
9;rank09_time_only_hist_gradient_boosting_target_entry_good_0_5r_top50;time_only;hist_gradient_boosting;target_entry_good_0_5r;top50;896;436.75153594276884;138.27686116604994;3.158529433339503;0.33311905667044517;-0.00505952380951915;5.928066612737723;0.4921875;0.0;{'ML_CLOSE': 614, 'TIME': 241, 'SL': 41}
9;rank09_time_only_hist_gradient_boosting_target_entry_good_0_5r_top50;time_only;hist_gradient_boosting;target_entry_good_0_5r;top50;1107;535.257531857709;162.56306690758385;3.292614626679009;0.3366707000452802;0.0;4.491800707590187;0.4986449864498645;0.0;{'ML_CLOSE': 763, 'TIME': 299, 'SL': 45}
10;rank10_movement_plus_time_linear_target_entry_ev_regression_top50;movement_plus_time;linear;target_entry_ev_regression;top50;877;382.46456846320405;116.70694068253712;3.2771364430121874;0.30303036234967723;0.0032608695652144;5.7081061683563235;0.5039908779931584;0.0;{'ML_CLOSE': 627, 'TIME': 221, 'SL': 29}
10;rank10_movement_plus_time_linear_target_entry_ev_regression_top50;movement_plus_time;linear;target_entry_ev_regression;top50;1123;496.75550589417765;154.5032481871043;3.2151783973667913;0.30476603535803504;0.0026881720430082;5.052283796865993;0.5022261798753339;0.0;{'ML_CLOSE': 794, 'TIME': 286, 'SL': 43}
10;rank10_movement_plus_time_linear_target_entry_ev_regression_top50;movement_plus_time;linear;target_entry_ev_regression;top50;1335;613.8885655597758;187.28464559745237;3.2778371318237234;0.31955349809911876;0.0032608695652144;5.690029033643782;0.5048689138576778;0.0;{'ML_CLOSE': 941, 'TIME': 342, 'SL': 52}
11;rank11_movement_plus_time_linear_target_entry_good_0_5r_top50;movement_plus_time;linear;target_entry_good_0_5r;top50;760;332.98754541898626;97.25654791816676;3.4238059292333447;0.3101723651326572;0.00456410256409835;5.557700864082179;0.5078947368421053;0.0;{'ML_CLOSE': 541, 'TIME': 197, 'SL': 22}
11;rank11_movement_plus_time_linear_target_entry_good_0_5r_top50;movement_plus_time;linear;target_entry_good_0_5r;top50;979;424.9048320752118;128.2877312719365;3.312123675915076;0.30297967395635883;0.0032608695652144;5.71660053148797;0.5035750766087844;0.0;{'ML_CLOSE': 698, 'TIME': 250, 'SL': 31}
11;rank11_movement_plus_time_linear_target_entry_good_0_5r_top50;movement_plus_time;linear;target_entry_good_0_5r;top50;1223;535.275421211596;163.8492646454398;3.2668771652402633;0.30370086391345574;0.0051282051282004;5.2031451287653425;0.5069501226492232;0.0;{'ML_CLOSE': 873, 'TIME': 311, 'SL': 39}
