original_rank;rule_id;profile_id;model_id;target_id;filter_id;year;side;n_trades;gross_profit;gross_loss;pf;mean_pnl_r;median_pnl_r;max_drawdown_r;win_rate;ambiguous_same_bar_rate;exit_reason_counts
1;rank01_time_only_linear_target_entry_ev_regression_top30;time_only;linear;target_entry_ev_regression;top30;2021;BUY;138;75.08353486386399;12.543516096914948;5.985844342507013;0.45318854178948575;0.06982808857807875;2.439618615455288;0.5869565217391305;0.0;{'ML_CLOSE': 92, 'TIME': 43, 'SL': 3}
1;rank01_time_only_linear_target_entry_ev_regression_top30;time_only;linear;target_entry_ev_regression;top30;2021;SELL;162;64.73531651069536;16.850620761136756;3.8417170161467844;0.2955845416639419;0.0221126255379999;2.2943927007951572;0.5246913580246914;0.0;{'ML_CLOSE': 118, 'TIME': 42, 'SL': 2}
1;rank01_time_only_linear_target_entry_ev_regression_top30;time_only;linear;target_entry_ev_regression;top30;2022;BUY;165;80.41118330473432;17.671118476049806;4.55042975427492;0.3802428171435426;0.0584905660377462;2.6011425732736697;0.5454545454545454;0.0;{'ML_CLOSE': 116, 'TIME': 45, 'SL': 4}
1;rank01_time_only_linear_target_entry_ev_regression_top30;time_only;linear;target_entry_ev_regression;top30;2022;SELL;195;78.0298760447014;27.00423995993055;2.889541648292407;0.2616699286398505;-0.0279411764705964;3.164310807117447;0.4717948717948718;0.0;{'ML_CLOSE': 143, 'TIME': 48, 'SL': 4}
2;rank02_time_only_linear_target_entry_ev_regression_top40;time_only;linear;target_entry_ev_regression;top40;2021;BUY;191;100.41657507488011;20.734267401423576;4.84302498519845;0.417184856929092;0.0602272727272699;3.961209524546213;0.581151832460733;0.0;{'ML_CLOSE': 126, 'TIME': 59, 'SL': 6}
2;rank02_time_only_linear_target_entry_ev_regression_top40;time_only;linear;target_entry_ev_regression;top40;2021;SELL;222;96.2816498554805;22.997658517605945;4.186584898709219;0.33010806908952495;0.02981386392808595;2.954667426069868;0.5225225225225225;0.0;{'ML_CLOSE': 162, 'TIME': 58, 'SL': 2}
2;rank02_time_only_linear_target_entry_ev_regression_top40;time_only;linear;target_entry_ev_regression;top40;2022;BUY;239;114.8706208308315;32.224047640746015;3.56474835537365;0.34580156146479285;0.0306818181818162;3.1996887159439886;0.5146443514644351;0.0;{'ML_CLOSE': 166, 'TIME': 61, 'SL': 12}
2;rank02_time_only_linear_target_entry_ev_regression_top40;time_only;linear;target_entry_ev_regression;top40;2022;SELL;248;106.21313376675587;35.69959482616145;2.9751915752534126;0.284328786050784;-0.0020561199806571;3.014238238176894;0.4879032258064516;0.0;{'ML_CLOSE': 178, 'TIME': 63, 'SL': 7}
3;rank03_time_only_linear_target_entry_ev_regression_top50;time_only;linear;target_entry_ev_regression;top50;2021;BUY;242;117.97973676702662;26.594455709810884;4.4362531068271895;0.3776251283356022;0.054825581395353346;4.159870238831928;0.5661157024793388;0.0;{'ML_CLOSE': 166, 'TIME': 69, 'SL': 7}
3;rank03_time_only_linear_target_entry_ev_regression_top50;time_only;linear;target_entry_ev_regression;top50;2021;SELL;276;129.92322138859697;28.916995444904195;4.492970980893946;0.36596458675251003;0.022586034079498253;2.3680521307959452;0.5217391304347826;0.0;{'ML_CLOSE': 197, 'TIME': 76, 'SL': 3}
3;rank03_time_only_linear_target_entry_ev_regression_top50;time_only;linear;target_entry_ev_regression;top50;2022;BUY;278;124.39174402346805;39.10249913623196;3.181171198037518;0.30679584491811535;0.02020253682485865;3.1996887159439886;0.5107913669064749;0.0;{'ML_CLOSE': 195, 'TIME': 68, 'SL': 15}
3;rank03_time_only_linear_target_entry_ev_regression_top50;time_only;linear;target_entry_ev_regression;top50;2022;SELL;313;133.61771352999608;47.06001957644003;2.8393042487574744;0.2765421532062493;-0.0147058823529279;5.326174069627939;0.4792332268370607;0.0;{'ML_CLOSE': 228, 'TIME': 74, 'SL': 11}
4;rank04_time_only_linear_target_entry_good_0_5r_top40;time_only;linear;target_entry_good_0_5r;top40;2021;BUY;179;94.82106611190322;17.161850588183576;5.525107308485149;0.43385036605429966;0.0869047619047631;3.2782549790916633;0.5865921787709497;0.0;{'ML_CLOSE': 122, 'TIME': 53, 'SL': 4}
4;rank04_time_only_linear_target_entry_good_0_5r_top40;time_only;linear;target_entry_good_0_5r;top40;2021;SELL;200;81.46419947163182;20.214085515020265;4.030070982488873;0.30625056978305776;0.024390243902416703;2.6876069865094223;0.525;0.0;{'ML_CLOSE': 146, 'TIME': 52, 'SL': 2}
4;rank04_time_only_linear_target_entry_good_0_5r_top40;time_only;linear;target_entry_good_0_5r;top40;2022;BUY;214;98.34336015783656;29.078546061022024;3.381990280788478;0.32366735559259135;0.02698138297871295;3.084399696048605;0.514018691588785;0.0;{'ML_CLOSE': 151, 'TIME': 53, 'SL': 10}
4;rank04_time_only_linear_target_entry_good_0_5r_top40;time_only;linear;target_entry_good_0_5r;top40;2022;SELL;247;109.47700225047606;36.580673441392044;2.992755243445021;0.2951268372837411;-0.0287234042553169;4.07940543136786;0.46153846153846156;0.0;{'ML_CLOSE': 182, 'TIME': 60, 'SL': 5}
5;rank05_time_only_linear_target_entry_avoid_sl_top30;time_only;linear;target_entry_avoid_sl;top30;2021;BUY;114;50.02325190823225;12.63968569567677;3.957634162164492;0.3279260194083814;0.02318491208168465;2.0050971386337544;0.5263157894736842;0.0;{'ML_CLOSE': 82, 'TIME': 29, 'SL': 3}
5;rank05_time_only_linear_target_entry_avoid_sl_top30;time_only;linear;target_entry_avoid_sl;top30;2021;SELL;151;60.18935858448258;15.191038829673175;3.9621621180318916;0.2980021175815192;0.0207317073170542;1.8375560920626306;0.5231788079470199;0.0;{'ML_CLOSE': 104, 'TIME': 47}
5;rank05_time_only_linear_target_entry_avoid_sl_top30;time_only;linear;target_entry_avoid_sl;top30;2022;BUY;155;72.83059363428559;19.384687704357578;3.7571197816054394;0.34481229632211624;0.0201923076922891;2.6890754737066125;0.5161290322580645;0.0;{'ML_CLOSE': 106, 'TIME': 43, 'SL': 6}
5;rank05_time_only_linear_target_entry_avoid_sl_top30;time_only;linear;target_entry_avoid_sl;top30;2022;SELL;150;76.04897123072108;21.637210491742366;3.514730850344338;0.36274507159319147;0.02424532312925325;3.603241398452722;0.5333333333333333;0.0;{'ML_CLOSE': 108, 'TIME': 39, 'SL': 3}
6;rank06_time_only_linear_target_entry_good_0_5r_top50;time_only;linear;target_entry_good_0_5r;top50;2021;BUY;234;117.87341566302575;27.807960766273716;4.238837096101847;0.38489510639637614;0.0582750582750457;3.579127072114936;0.5683760683760684;0.0;{'ML_CLOSE': 157, 'TIME': 69, 'SL': 8}
6;rank06_time_only_linear_target_entry_good_0_5r_top50;time_only;linear;target_entry_good_0_5r;top50;2021;SELL;277;123.69051896288367;29.725215416724488;4.161131121468371;0.3392249225493111;0.0280487804877792;2.736712129970428;0.5270758122743683;0.0;{'ML_CLOSE': 198, 'TIME': 76, 'SL': 3}
6;rank06_time_only_linear_target_entry_good_0_5r_top50;time_only;linear;target_entry_good_0_5r;top50;2022;BUY;276;127.12173390792393;39.25254824540698;3.238560032157879;0.31836661471926425;0.034097222222218004;3.084399696048605;0.5217391304347826;0.0;{'ML_CLOSE': 190, 'TIME': 69, 'SL': 17}
6;rank06_time_only_linear_target_entry_good_0_5r_top50;time_only;linear;target_entry_good_0_5r;top50;2022;SELL;312;141.51744772496374;45.62384320379372;3.1018309240812987;0.3073512965422117;-0.0075624999999930505;5.459524290552665;0.483974358974359;0.0;{'ML_CLOSE': 225, 'TIME': 78, 'SL': 9}
7;rank07_movement_plus_time_linear_target_entry_good_0_5r_top40;movement_plus_time;linear;target_entry_good_0_5r;top40;2021;BUY;178;83.61200125300834;20.462106665605376;4.086187342261842;0.3547746886932751;0.0293478260869678;3.961209524546213;0.550561797752809;0.0;{'ML_CLOSE': 124, 'TIME': 50, 'SL': 4}
7;rank07_movement_plus_time_linear_target_entry_good_0_5r_top40;movement_plus_time;linear;target_entry_good_0_5r;top40;2021;SELL;205;74.28666022137028;23.503338067764876;3.1606855165503225;0.24772352270051418;-0.0162499999999852;2.804651185229549;0.47804878048780486;0.0;{'ML_CLOSE': 153, 'TIME': 50, 'SL': 2}
7;rank07_movement_plus_time_linear_target_entry_good_0_5r_top40;movement_plus_time;linear;target_entry_good_0_5r;top40;2022;BUY;285;120.5914924092333;38.746363808672506;3.112330566158613;0.28717588982652903;0.0162790697674532;5.162460386665948;0.512280701754386;0.0;{'ML_CLOSE': 198, 'TIME': 72, 'SL': 15}
7;rank07_movement_plus_time_linear_target_entry_good_0_5r_top40;movement_plus_time;linear;target_entry_good_0_5r;top40;2022;SELL;311;146.41467819159988;45.575922729893755;3.212544462551602;0.3242403712595052;-0.0031249999999971;4.721974198004929;0.4855305466237942;0.0;{'ML_CLOSE': 223, 'TIME': 78, 'SL': 10}
8;rank08_movement_plus_time_linear_target_entry_good_0_5r_top30;movement_plus_time;linear;target_entry_good_0_5r;top30;2021;BUY;126;59.51474116112919;14.240825118392435;4.179163824170847;0.35931679398997424;0.0290571284125491;4.833740410534823;0.5555555555555556;0.0;{'ML_CLOSE': 90, 'TIME': 33, 'SL': 3}
8;rank08_movement_plus_time_linear_target_entry_good_0_5r_top30;movement_plus_time;linear;target_entry_good_0_5r;top30;2021;SELL;145;51.80074757371487;15.937907860295141;3.2501598094165174;0.2473299290580671;0.0039473684210191;2.487822549957773;0.503448275862069;0.0;{'ML_CLOSE': 105, 'TIME': 38, 'SL': 2}
8;rank08_movement_plus_time_linear_target_entry_good_0_5r_top30;movement_plus_time;linear;target_entry_good_0_5r;top30;2022;BUY;232;100.34918654511846;29.625878335632343;3.3872138880832465;0.3048418457305436;0.0254472920696222;4.262460386665959;0.5172413793103449;0.0;{'ML_CLOSE': 161, 'TIME': 61, 'SL': 10}
8;rank08_movement_plus_time_linear_target_entry_good_0_5r_top30;movement_plus_time;linear;target_entry_good_0_5r;top30;2022;SELL;257;121.32287013902372;37.451936603846846;3.2394284819589845;0.32634604488395674;-0.0171052631579093;5.288638996569716;0.4785992217898833;0.0;{'ML_CLOSE': 185, 'TIME': 65, 'SL': 7}
9;rank09_time_only_hist_gradient_boosting_target_entry_good_0_5r_top50;time_only;hist_gradient_boosting;target_entry_good_0_5r;top50;2021;BUY;240;122.56113697052416;36.23871795981343;3.382049472788666;0.35967674587796133;0.014761904761905451;3.7579956132920316;0.5166666666666667;0.0;{'ML_CLOSE': 155, 'TIME': 71, 'SL': 14}
9;rank09_time_only_hist_gradient_boosting_target_entry_good_0_5r_top50;time_only;hist_gradient_boosting;target_entry_good_0_5r;top50;2021;SELL;282;117.4613774380306;36.36190323830736;3.230341840695641;0.287586787942281;-0.014375000000001099;3.2160921926911072;0.48226950354609927;0.0;{'ML_CLOSE': 202, 'TIME': 75, 'SL': 5}
9;rank09_time_only_hist_gradient_boosting_target_entry_good_0_5r_top50;time_only;hist_gradient_boosting;target_entry_good_0_5r;top50;2022;BUY;293;150.0436363140264;46.32754756488892;3.2387562951366466;0.35397982508238046;-0.0041666666666628;4.217828156752244;0.4880546075085324;0.0;{'ML_CLOSE': 198, 'TIME': 77, 'SL': 18}
9;rank09_time_only_hist_gradient_boosting_target_entry_good_0_5r_top50;time_only;hist_gradient_boosting;target_entry_good_0_5r;top50;2022;SELL;292;145.1913811351278;43.63489814457414;3.327414232847978;0.34779617462518386;0.0042346014492714995;4.113469653864428;0.5102739726027398;0.0;{'ML_CLOSE': 208, 'TIME': 76, 'SL': 8}
10;rank10_movement_plus_time_linear_target_entry_ev_regression_top50;movement_plus_time;linear;target_entry_ev_regression;top50;2021;BUY;239;118.32811734699209;28.524923187137563;4.148236143203657;0.3757455822588056;0.0244186046511666;4.193591169064483;0.5397489539748954;0.0;{'ML_CLOSE': 168, 'TIME': 65, 'SL': 6}
10;rank10_movement_plus_time_linear_target_entry_ev_regression_top50;movement_plus_time;linear;target_entry_ev_regression;top50;2021;SELL;268;108.93347194312962;32.338866625928716;3.3684999911465274;0.28580076610895855;-0.01187500000000335;5.155449546876554;0.48507462686567165;0.0;{'ML_CLOSE': 194, 'TIME': 70, 'SL': 4}
10;rank10_movement_plus_time_linear_target_entry_ev_regression_top50;movement_plus_time;linear;target_entry_ev_regression;top50;2022;BUY;410;192.28009124544099;58.68219543133873;3.276634247101727;0.3258485263758591;0.0172741502683445;3.3737798378755457;0.5170731707317073;0.0;{'ML_CLOSE': 284, 'TIME': 103, 'SL': 23}
10;rank10_movement_plus_time_linear_target_entry_ev_regression_top50;movement_plus_time;linear;target_entry_ev_regression;top50;2022;SELL;418;194.34688502421315;67.73866035304735;2.869068918861046;0.30289048964393733;-0.01095458298926435;4.734495885848631;0.48564593301435405;0.0;{'ML_CLOSE': 295, 'TIME': 104, 'SL': 19}
11;rank11_movement_plus_time_linear_target_entry_good_0_5r_top50;movement_plus_time;linear;target_entry_good_0_5r;top50;2021;BUY;236;111.25612400551327;29.078152836011835;3.8261069963057674;0.34821174224365015;0.045138888888878154;4.159870238831928;0.5466101694915254;0.0;{'ML_CLOSE': 163, 'TIME': 66, 'SL': 7}
11;rank11_movement_plus_time_linear_target_entry_good_0_5r_top50;movement_plus_time;linear;target_entry_good_0_5r;top50;2021;SELL;268;101.81718418090854;30.602066553529696;3.3271342640474315;0.26572805084842854;-0.00051020408163215;3.6717305457194698;0.4962686567164179;0.0;{'ML_CLOSE': 195, 'TIME': 70, 'SL': 3}
11;rank11_movement_plus_time_linear_target_entry_good_0_5r_top50;movement_plus_time;linear;target_entry_good_0_5r;top50;2022;BUY;348;154.87500464520028;48.757158604139015;3.176456731259415;0.30493633919845187;0.0137198067632851;3.2787677248266576;0.514367816091954;0.0;{'ML_CLOSE': 244, 'TIME': 86, 'SL': 18}
11;rank11_movement_plus_time_linear_target_entry_good_0_5r_top50;movement_plus_time;linear;target_entry_good_0_5r;top50;2022;SELL;371;167.327108379974;55.41188665175923;3.0196970089027215;0.30165827959087543;-0.0147058823529279;4.2583877551020635;0.48247978436657685;0.0;{'ML_CLOSE': 271, 'TIME': 89, 'SL': 11}
