ticket;direction;mode;signal_time;entry_time;score;atr;spread;spread_atr;open_positions;max_positions;entry;stop;take_profit;lot;raw_line;close_status;close_reason;exit_time;hold_bars;pnl_atr;profit
0;BUY;;2022.12.02 16:00;2022.12.02 17:00;0.0;0.0;0.0;0.0;0;0;1785.88;0.0;0.0;0.0;0	22:02:31.725	2022.12.02 17:00:00  $o$imple XAUUSD,H1: 273360672:: MLP BUY signal_time=2022.12.02 16:00 entry_time=2022.12.02 17:00 score=0.000000 exit_mode=timeout take_profit_atr=0.00 Val=1785.88;closed;Timeout;2025.11.03 04:00;24;1.8192;0.0
0;SELL;;2023.01.18 20:00;2023.01.18 21:00;0.0;0.0;0.0;0.0;0;0;1904.95;0.0;0.0;0.0;0	22:02:32.529	2023.01.18 21:00:00  $o$imple XAUUSD,H1: 273360672:: MLP SELL signal_time=2023.01.18 20:00 entry_time=2023.01.18 21:00 score=0.000000 exit_mode=timeout take_profit_atr=0.00 Val=1904.95;closed;Timeout;2025.11.03 04:00;24;1.8192;0.0
0;BUY;;2023.01.24 18:00;2023.01.24 19:00;0.0;0.0;0.0;0.0;0;0;1932.62;0.0;0.0;0.0;0	22:02:32.617	2023.01.24 19:00:00  $o$imple XAUUSD,H1: 273360672:: MLP BUY signal_time=2023.01.24 18:00 entry_time=2023.01.24 19:00 score=0.000000 exit_mode=timeout take_profit_atr=0.00 Val=1932.62;closed;Timeout;2025.11.03 04:00;24;1.8192;0.0
0;SELL;;2023.04.13 18:00;2023.04.13 19:00;0.0;0.0;0.0;0.0;0;0;2038.98;0.0;0.0;0.0;0	22:02:35.486	2023.04.13 19:00:00  $o$imple XAUUSD,H1: 273360672:: MLP SELL signal_time=2023.04.13 18:00 entry_time=2023.04.13 19:00 score=0.000000 exit_mode=timeout take_profit_atr=0.00 Val=2038.98;closed;Timeout;2025.11.03 04:00;24;1.8192;0.0
0;SELL;;2023.04.20 16:00;2023.04.20 17:00;0.0;0.0;0.0;0.0;0;0;2003.58;0.0;0.0;0.0;0	22:02:36.032	2023.04.20 17:00:00  $o$imple XAUUSD,H1: 273360672:: MLP SELL signal_time=2023.04.20 16:00 entry_time=2023.04.20 17:00 score=0.000000 exit_mode=timeout take_profit_atr=0.00 Val=2003.58;closed;Timeout;2025.11.03 04:00;24;1.8192;0.0
0;BUY;;2023.05.19 21:00;2023.05.19 22:00;0.0;0.0;0.0;0.0;0;0;1977.11;0.0;0.0;0.0;0	22:02:37.782	2023.05.19 22:00:00  $o$imple XAUUSD,H1: 273360672:: MLP BUY signal_time=2023.05.19 21:00 entry_time=2023.05.19 22:00 score=0.000000 exit_mode=timeout take_profit_atr=0.00 Val=1977.11;closed;Timeout;2025.11.03 04:00;24;1.8192;0.0
0;BUY;;2023.11.01 21:00;2023.11.01 22:00;0.0;0.0;0.0;0.0;0;0;1978.75;0.0;0.0;0.0;0	22:02:47.976	2023.11.01 22:00:00  $o$imple XAUUSD,H1: 273360672:: MLP BUY signal_time=2023.11.01 21:00 entry_time=2023.11.01 22:00 score=0.000000 exit_mode=timeout take_profit_atr=0.00 Val=1978.75;closed;Timeout;2025.11.03 04:00;24;1.8192;0.0
0;SELL;;2023.11.03 15:00;2023.11.03 16:00;0.0;0.0;0.0;0.0;0;0;1995.19;0.0;0.0;0.0;0	22:02:48.057	2023.11.03 16:00:00  $o$imple XAUUSD,H1: 273360672:: MLP SELL signal_time=2023.11.03 15:00 entry_time=2023.11.03 16:00 score=0.000000 exit_mode=timeout take_profit_atr=0.00 Val=1995.19;closed;Timeout;2025.11.03 04:00;24;1.8192;0.0
0;BUY;;2023.11.22 21:00;2023.11.22 22:00;0.0;0.0;0.0;0.0;0;0;1990.85;0.0;0.0;0.0;0	22:02:49.117	2023.11.22 22:00:00  $o$imple XAUUSD,H1: 273360672:: MLP BUY signal_time=2023.11.22 21:00 entry_time=2023.11.22 22:00 score=0.000000 exit_mode=timeout take_profit_atr=0.00 Val=1990.85;closed;Timeout;2025.11.03 04:00;24;1.8192;0.0
0;BUY;;2024.02.05 17:00;2024.02.05 18:00;0.0;0.0;0.0;0.0;0;0;2017.84;0.0;0.0;0.0;0	22:02:52.906	2024.02.05 18:00:00  $o$imple XAUUSD,H1: 273360672:: MLP BUY signal_time=2024.02.05 17:00 entry_time=2024.02.05 18:00 score=0.000000 exit_mode=timeout take_profit_atr=0.00 Val=2017.84;closed;Timeout;2025.11.03 04:00;24;1.8192;0.0
0;BUY;;2024.05.20 22:00;2024.05.20 23:00;0.0;0.0;0.0;0.0;0;0;2426.88;0.0;0.0;0.0;0	22:02:54.734	2024.05.20 23:00:00  $o$imple XAUUSD,H1: 273360672:: MLP BUY signal_time=2024.05.20 22:00 entry_time=2024.05.20 23:00 score=0.000000 exit_mode=timeout take_profit_atr=0.00 Val=2426.88;closed;Timeout;2025.11.03 04:00;24;1.8192;0.0
0;BUY;;2024.07.01 18:00;2024.07.01 19:00;0.0;0.0;0.0;0.0;0;0;2327.95;0.0;0.0;0.0;0	22:02:55.293	2024.07.01 19:00:00  $o$imple XAUUSD,H1: 273360672:: MLP BUY signal_time=2024.07.01 18:00 entry_time=2024.07.01 19:00 score=0.000000 exit_mode=timeout take_profit_atr=0.00 Val=2327.95;closed;Timeout;2025.11.03 04:00;24;1.8192;0.0
0;BUY;;2024.07.25 21:00;2024.07.25 22:00;0.0;0.0;0.0;0.0;0;0;2357.23;0.0;0.0;0.0;0	22:02:55.607	2024.07.25 22:00:00  $o$imple XAUUSD,H1: 273360672:: MLP BUY signal_time=2024.07.25 21:00 entry_time=2024.07.25 22:00 score=0.000000 exit_mode=timeout take_profit_atr=0.00 Val=2357.23;closed;Timeout;2025.11.03 04:00;24;1.8192;0.0
0;SELL;;2024.08.20 17:00;2024.08.20 18:00;0.0;0.0;0.0;0.0;0;0;2523.7;0.0;0.0;0.0;0	22:02:55.936	2024.08.20 18:00:00  $o$imple XAUUSD,H1: 273360672:: MLP SELL signal_time=2024.08.20 17:00 entry_time=2024.08.20 18:00 score=0.000000 exit_mode=timeout take_profit_atr=0.00 Val=2523.70;closed;Timeout;2025.11.03 04:00;24;1.8192;0.0
0;BUY;;2024.11.26 02:00;2024.11.26 03:00;0.0;0.0;0.0;0.0;0;0;2620.04;0.0;0.0;0.0;0	22:02:57.614	2024.11.26 03:00:00  $o$imple XAUUSD,H1: 273360672:: MLP BUY signal_time=2024.11.26 02:00 entry_time=2024.11.26 03:00 score=0.000000 exit_mode=timeout take_profit_atr=0.00 Val=2620.04;closed;Timeout;2025.11.03 04:00;24;1.8192;0.0
0;SELL;;2024.11.27 16:00;2024.11.27 17:00;0.0;0.0;0.0;0.0;0;0;2651.05;0.0;0.0;0.0;0	22:02:57.659	2024.11.27 17:00:00  $o$imple XAUUSD,H1: 273360672:: MLP SELL signal_time=2024.11.27 16:00 entry_time=2024.11.27 17:00 score=0.000000 exit_mode=timeout take_profit_atr=0.00 Val=2651.05;closed;Timeout;2025.11.03 04:00;24;1.8192;0.0
0;SELL;;2025.02.11 05:00;2025.02.11 06:00;0.0;0.0;0.0;0.0;0;0;2919.61;0.0;0.0;0.0;0	22:02:58.684	2025.02.11 06:00:00  $o$imple XAUUSD,H1: 273360672:: MLP SELL signal_time=2025.02.11 05:00 entry_time=2025.02.11 06:00 score=0.000000 exit_mode=timeout take_profit_atr=0.00 Val=2919.61;closed;Timeout;2025.11.03 04:00;24;1.8192;0.0
0;BUY;;2025.02.14 23:00;2025.02.17 01:00;0.0;0.0;0.0;0.0;0;0;2883.29;0.0;0.0;0.0;0	22:02:58.772	2025.02.17 01:00:00  $o$imple XAUUSD,H1: 273360672:: MLP BUY signal_time=2025.02.14 23:00 entry_time=2025.02.17 01:00 score=0.000000 exit_mode=timeout take_profit_atr=0.00 Val=2883.29;closed;Timeout;2025.11.03 04:00;24;1.8192;0.0
0;BUY;;2025.03.10 22:00;2025.03.11 00:00;0.0;0.0;0.0;0.0;0;0;2888.43;0.0;0.0;0.0;0	22:02:59.061	2025.03.11 00:00:00  $o$imple XAUUSD,H1: 273360672:: MLP BUY signal_time=2025.03.10 22:00 entry_time=2025.03.11 00:00 score=0.000000 exit_mode=timeout take_profit_atr=0.00 Val=2888.43;closed;Timeout;2025.11.03 04:00;24;1.8192;0.0
0;BUY;;2025.04.09 03:00;2025.04.09 04:00;0.0;0.0;0.0;0.0;0;0;2980.66;0.0;0.0;0.0;0	22:02:59.437	2025.04.09 04:00:00  $o$imple XAUUSD,H1: 273360672:: MLP BUY signal_time=2025.04.09 03:00 entry_time=2025.04.09 04:00 score=0.000000 exit_mode=timeout take_profit_atr=0.00 Val=2980.66;closed;Timeout;2025.11.03 04:00;24;1.8192;0.0
0;BUY;;2025.05.15 10:00;2025.05.15 11:00;0.0;0.0;0.0;0.0;0;0;3142.43;0.0;0.0;0.0;0	22:03:00.015	2025.05.15 11:00:00  $o$imple XAUUSD,H1: 273360672:: MLP BUY signal_time=2025.05.15 10:00 entry_time=2025.05.15 11:00 score=0.000000 exit_mode=timeout take_profit_atr=0.00 Val=3142.43;closed;Timeout;2025.11.03 04:00;24;1.8192;0.0
0;BUY;;2025.06.30 02:00;2025.06.30 03:00;0.0;0.0;0.0;0.0;0;0;3263.75;0.0;0.0;0.0;0	22:03:00.777	2025.06.30 03:00:00  $o$imple XAUUSD,H1: 273360672:: MLP BUY signal_time=2025.06.30 02:00 entry_time=2025.06.30 03:00 score=0.000000 exit_mode=timeout take_profit_atr=0.00 Val=3263.75;closed;Timeout;2025.11.03 04:00;24;1.8192;0.0
0;BUY;;2025.07.04 12:00;2025.07.04 13:00;0.0;0.0;0.0;0.0;0;0;3334.51;0.0;0.0;0.0;0	22:03:00.871	2025.07.04 13:00:00  $o$imple XAUUSD,H1: 273360672:: MLP BUY signal_time=2025.07.04 12:00 entry_time=2025.07.04 13:00 score=0.000000 exit_mode=timeout take_profit_atr=0.00 Val=3334.51;closed;Timeout;2025.11.03 04:00;24;1.8192;0.0
0;BUY;;2025.07.17 16:00;2025.07.17 17:00;0.0;0.0;0.0;0.0;0;0;3319.19;0.0;0.0;0.0;0	22:03:01.106	2025.07.17 17:00:00  $o$imple XAUUSD,H1: 273360672:: MLP BUY signal_time=2025.07.17 16:00 entry_time=2025.07.17 17:00 score=0.000000 exit_mode=timeout take_profit_atr=0.00 Val=3319.19;closed;Timeout;2025.11.03 04:00;24;1.8192;0.0
0;BUY;;2025.08.20 05:00;2025.08.20 06:00;0.0;0.0;0.0;0.0;0;0;3314.19;0.0;0.0;0.0;0	22:03:01.683	2025.08.20 06:00:00  $o$imple XAUUSD,H1: 273360672:: MLP BUY signal_time=2025.08.20 05:00 entry_time=2025.08.20 06:00 score=0.000000 exit_mode=timeout take_profit_atr=0.00 Val=3314.19;closed;Timeout;2025.11.03 04:00;24;1.8192;0.0
0;SELL;;2025.10.31 01:00;2025.10.31 02:00;0.0;0.0;0.0;0.0;0;0;4036.72;0.0;0.0;0.0;0	22:03:02.663	2025.10.31 02:00:00  $o$imple XAUUSD,H1: 273360672:: MLP SELL signal_time=2025.10.31 01:00 entry_time=2025.10.31 02:00 score=0.000000 exit_mode=timeout take_profit_atr=0.00 Val=4036.72;closed;Timeout;2025.11.03 04:00;24;1.8192;0.0
